Modele,Fabricant,Type
XPS 9365,DELL,Portable
XPS 9365,DELL,Portable
Latitude 7480,DELL,Portable
Latitude 7480,DELL,Portable
Latitude 7480,DELL,Portable
Latitude 7480,DELL,Portable
Latitude 7490,DELL,Portable
Latitude 7490,DELL,Portable
Latitude 7390,DELl,Portable
Latitude 7490,DELL,Portable
Latitude 7490,DELL,Portable
Latitude 5490,DELL,Portable
Latitude 5490,DELL,Portable
Latitude 5490,DELL,Portable
Latitude 5490,DELL,Portable
MacBook Pro 13,MAC,Portable
XPS13 9365,DELL,Portable
XPS13 9370,DELL,Portable
XPS13 9365,DELL,Portable
Latitude 7490,DELL,Portable
Latitude 7490 (Qwerty),DELL,Portable
Latitude 5290,DELL,Tablette
Latitude 7490,DELL,Portable
Latitude 7490,DELL,Portable
7460 AIO,DELL,Fixe
7460 AIO,DELL,Fixe
7460 AIO,DELL,Fixe
7460 AIO,DELL,Fixe
MacBook Pro 15,MAC,Portable
MacBook Pro 15,MAC,Portable
Latitude 7300,DELL,Portable
Latitude 7400,DELL,Portable
Latitude 7400,DELL,Portable
Latitude 7300,DELL,Portable
PowerEdge R210,DELL,Serveur
PowerEdge R210,DELL,Serveur
PowerEdge R210,DELL,Serveur
PowerEdge T620,DELL,Serveur
MONITEUR IIYAMA PROLITE 24",,ECRAN LCD
HP LA2405X 24",HP,ECRAN LCD
LCD MONITOR 20",DELL,ECRAN LCD
ELITE DISPLAY 24",HP,ECRAN LCD
